[
  {
    "id": "2c3c71da-44d1-48f2-926f-81c6b5e1cf1c",
    "data": [
      {
        "text": "dessert and drinks",
        "userDefined": false
      }
    ],
    "isTemplate": false,
    "count": 0,
    "lang": "en",
    "updated": 0
  },
  {
    "id": "01cdd1c8-07fc-4c8f-a53d-0709c0a56ffe",
    "data": [
      {
        "text": "dessert",
        "userDefined": false
      }
    ],
    "isTemplate": false,
    "count": 0,
    "lang": "en",
    "updated": 0
  },
  {
    "id": "e25a126b-c786-4e3f-ba55-73acf4eed096",
    "data": [
      {
        "text": "drink",
        "userDefined": false
      }
    ],
    "isTemplate": false,
    "count": 0,
    "lang": "en",
    "updated": 0
  }
]