[
  {
    "id": "93e8661e-3606-45b6-9aa0-4ce27f360fa9",
    "data": [
      {
        "text": "dal makhni naan",
        "userDefined": false
      }
    ],
    "isTemplate": false,
    "count": 0,
    "lang": "en",
    "updated": 0
  },
  {
    "id": "67d608ea-9e35-434d-94f7-dc6251cfe6e8",
    "data": [
      {
        "text": "tomato soup",
        "userDefined": false
      }
    ],
    "isTemplate": false,
    "count": 0,
    "lang": "en",
    "updated": 0
  },
  {
    "id": "b7bd5025-9098-4252-b9cc-8d956362d644",
    "data": [
      {
        "text": "panner tikka",
        "userDefined": false
      }
    ],
    "isTemplate": false,
    "count": 0,
    "lang": "en",
    "updated": 0
  },
  {
    "id": "2b1eb07e-7bb6-45a3-a1df-9ff1f85c699d",
    "data": [
      {
        "text": "vegetables samosa",
        "userDefined": false
      }
    ],
    "isTemplate": false,
    "count": 0,
    "lang": "en",
    "updated": 0
  }
]